{"cameraMode":{"drawMode":0,"name":"Shaded","section":"Shading Mode"},"sceneLighting":true,"audioPlay":false,"sceneViewState":{"m_AlwaysRefresh":false,"showFog":true,"showSkybox":true,"showFlares":true,"showImageEffects":true,"showParticleSystems":true,"showVisualEffectGraphs":true,"m_FxEnabled":true},"in2DMode":false,"pivot":{"x":0.22000011801719666,"y":0.6479336023330689,"z":-3.740000009536743},"rotation":{"x":-0.014224627055227757,"y":-0.7053052186965942,"z":0.014197403565049172,"w":-0.7086796164512634},"size":0.4228185713291168,"orthographic":true}