{"cameraMode":{"drawMode":0,"name":"Shaded","section":"Shading Mode"},"sceneLighting":true,"audioPlay":false,"sceneViewState":{"m_AlwaysRefresh":false,"showFog":true,"showSkybox":true,"showFlares":true,"showImageEffects":true,"showParticleSystems":true,"showVisualEffectGraphs":true,"m_FxEnabled":true},"in2DMode":false,"pivot":{"x":-4.920918941497803,"y":0.3436010777950287,"z":-0.4050629734992981},"rotation":{"x":0.015888137742877008,"y":0.9425018429756165,"z":-0.04527474567294121,"w":0.3307483494281769},"size":0.5311793684959412,"orthographic":true}