{"cameraMode":{"drawMode":0,"name":"Shaded","section":"Shading Mode"},"sceneLighting":true,"audioPlay":false,"sceneViewState":{"m_AlwaysRefresh":false,"showFog":true,"showSkybox":true,"showFlares":true,"showImageEffects":true,"showParticleSystems":true,"showVisualEffectGraphs":true,"m_FxEnabled":true},"in2DMode":false,"pivot":{"x":4.787386894226074,"y":0.562999963760376,"z":-2.398088216781616},"rotation":{"x":0.016171297058463098,"y":0.8330830335617065,"z":-0.024552887305617334,"w":0.5525166392326355},"size":0.3042762279510498,"orthographic":true}